lower, upper, rate
6208, 6292, 9.896876
6292, 6376, 6.131251
6376, 6460, 4.040624
6460, 6544, 3.109375
6544, 6628, 2.759375
6628, 6712, 2.609375
6712, 6796, 2.615625
6796, 6880, 2.518751
6880, 6964, 2.553125
6964, 7048, 2.187500
