lower, upper, rate
5116, 5200, 15.037500
5200, 5284, 19.712500
5284, 5368, 21.846876
5368, 5452, 16.421873
5452, 5536, 8.271874
5536, 5620, 5.237499
5620, 5704, 4.093750
5704, 5788, 3.700000
5788, 5872, 3.731250
5872, 5956, 3.712500
