lower, upper, rate
5956, 6040, 11.031252
6040, 6124, 14.471873
6124, 6208, 17.468750
6208, 6292, 16.465626
6292, 6376, 11.424999
6376, 6460, 7.303124
6460, 6544, 4.671875
6544, 6628, 3.893749
6628, 6712, 3.568750
6712, 6796, 3.243750
