lower, upper, rate
5872, 5956, 5.128124
5956, 6040, 6.546876
6040, 6124, 6.609374
6124, 6208, 5.699999
6208, 6292, 3.928125
6292, 6376, 2.959375
6376, 6460, 2.334375
6460, 6544, 1.956250
6544, 6628, 1.956250
6628, 6712, 1.965625
