lower, upper, rate
5620, 5704, 5.725000
5704, 5788, 5.581250
5788, 5872, 5.637501
5872, 5956, 5.925000
5956, 6040, 6.453125
6040, 6124, 5.896874
6124, 6208, 4.809376
6208, 6292, 3.293750
6292, 6376, 2.593750
6376, 6460, 2.096875
