lower, upper, rate
5536, 5620, 17.925001
5620, 5704, 16.259377
5704, 5788, 18.843748
5788, 5872, 25.496872
5872, 5956, 28.065622
5956, 6040, 21.040627
6040, 6124, 12.462499
6124, 6208, 7.459374
6208, 6292, 5.159376
6292, 6376, 4.721876
