lower, upper, rate
5452, 5536, 19.737501
5536, 5620, 20.553125
5620, 5704, 17.868752
5704, 5788, 12.734374
5788, 5872, 7.934375
5872, 5956, 5.343750
5956, 6040, 4.231250
6040, 6124, 4.006250
6124, 6208, 3.759375
6208, 6292, 3.543750
