lower, upper, rate
5452, 5536, 27.562500
5536, 5620, 33.196869
5620, 5704, 30.165625
5704, 5788, 20.178125
5788, 5872, 12.462502
5872, 5956, 8.284375
5956, 6040, 6.568750
6040, 6124, 5.475000
6124, 6208, 5.121876
6208, 6292, 4.868750
