lower, upper, rate
6124, 6208, 1.078125
6208, 6292, 0.962500
6292, 6376, 0.962500
6376, 6460, 1.028125
6460, 6544, 1.056250
6544, 6628, 1.090625
6628, 6712, 1.021875
6712, 6796, 0.846875
6796, 6880, 0.618750
6880, 6964, 0.540625
