lower, upper, rate
5788, 5872, 6.403125
5872, 5956, 4.475000
5956, 6040, 3.121875
6040, 6124, 2.462500
6124, 6208, 2.190625
6208, 6292, 2.156250
6292, 6376, 2.318750
6376, 6460, 2.046875
6460, 6544, 2.078125
6544, 6628, 1.762500
