lower, upper, rate
5536, 5620, 7.103124
5620, 5704, 8.012500
5704, 5788, 10.340625
5788, 5872, 10.559377
5872, 5956, 7.503125
5956, 6040, 4.603125
6040, 6124, 3.209375
6124, 6208, 2.750000
6208, 6292, 2.465625
6292, 6376, 2.328125
