lower, upper, rate
6040, 6124, 4.312500
6124, 6208, 4.993750
6208, 6292, 5.865625
6292, 6376, 5.853124
6376, 6460, 4.193750
6460, 6544, 3.040625
6544, 6628, 2.006250
6628, 6712, 1.543750
6712, 6796, 1.500000
6796, 6880, 1.459375
