lower, upper, rate
5116, 5200, 5.040626
5200, 5284, 4.740624
5284, 5368, 5.484375
5368, 5452, 6.231250
5452, 5536, 6.337500
5536, 5620, 4.315625
5620, 5704, 2.534375
5704, 5788, 1.850000
5788, 5872, 1.565625
5872, 5956, 1.643750
