lower, upper, rate
6208, 6292, 22.709375
6292, 6376, 21.068748
6376, 6460, 22.656250
6460, 6544, 28.778128
6544, 6628, 33.134377
6628, 6712, 32.228127
6712, 6796, 23.487503
6796, 6880, 15.074999
6880, 6964, 10.428125
6964, 7048, 7.784375
