lower, upper, rate
5620, 5704, 1.281250
5704, 5788, 1.121875
5788, 5872, 1.131250
5872, 5956, 1.387500
5956, 6040, 1.568750
6040, 6124, 1.246875
6124, 6208, 1.096875
6208, 6292, 0.825000
6292, 6376, 0.743750
6376, 6460, 0.737500
