lower, upper, rate
4528, 4612, 5.803125
4612, 4696, 4.934375
4696, 4780, 4.571876
4780, 4864, 5.381250
4864, 4948, 5.906250
4948, 5032, 5.459375
5032, 5116, 3.875000
5116, 5200, 2.756250
5200, 5284, 2.175000
5284, 5368, 1.828125
