lower, upper, rate
5368, 5452, 1.934375
5452, 5536, 1.809375
5536, 5620, 1.775000
5620, 5704, 1.525000
5704, 5788, 1.315625
5788, 5872, 1.481250
5872, 5956, 1.668750
5956, 6040, 1.775000
6040, 6124, 1.481250
6124, 6208, 1.178125
