lower, upper, rate
5620, 5704, 1.712500
5704, 5788, 1.753125
5788, 5872, 1.906250
5872, 5956, 1.925000
5956, 6040, 2.112500
6040, 6124, 1.925000
6124, 6208, 1.631250
6208, 6292, 1.375000
6292, 6376, 1.096875
6376, 6460, 0.956250
