lower, upper, rate
5368, 5452, 2.437500
5452, 5536, 2.275000
5536, 5620, 2.181250
5620, 5704, 2.212500
5704, 5788, 2.443749
5788, 5872, 2.575000
5872, 5956, 2.318750
5956, 6040, 1.840625
6040, 6124, 1.271875
6124, 6208, 1.078125
