lower, upper, rate
5788, 5872, 2.268750
5872, 5956, 2.212500
5956, 6040, 2.053125
6040, 6124, 2.137500
6124, 6208, 2.218750
6208, 6292, 2.300000
6292, 6376, 2.275000
6376, 6460, 1.940625
6460, 6544, 1.503125
6544, 6628, 1.153125
