lower, upper, rate
4780, 4864, 3.865625
4864, 4948, 3.675000
4948, 5032, 3.203125
5032, 5116, 3.009375
5116, 5200, 2.981250
5200, 5284, 3.228125
5284, 5368, 3.321875
5368, 5452, 3.125000
5452, 5536, 2.296875
5536, 5620, 1.906250
