lower, upper, rate
5116, 5200, 3.828125
5200, 5284, 3.412500
5284, 5368, 3.068750
5368, 5452, 3.575000
5452, 5536, 4.200000
5536, 5620, 4.065625
5620, 5704, 2.959375
5704, 5788, 2.118750
5788, 5872, 1.756250
5872, 5956, 1.550000
